{"cameraMode":{"drawMode":0,"name":"Shaded","section":"Shading Mode"},"sceneLighting":true,"audioPlay":false,"sceneViewState":{"m_AlwaysRefresh":false,"showFog":true,"showSkybox":true,"showFlares":true,"showImageEffects":true,"showParticleSystems":true,"showVisualEffectGraphs":true,"m_FxEnabled":true},"in2DMode":false,"pivot":{"x":-13.700566291809082,"y":-1.5457059144973755,"z":-0.6378958821296692},"rotation":{"x":0.6866507530212402,"y":0.005452525801956654,"z":-0.0051497952081263069,"w":0.7269481420516968},"size":30.8863582611084,"orthographic":true}