{"cameraMode":{"drawMode":0,"name":"Shaded","section":"Shading Mode"},"sceneLighting":true,"audioPlay":false,"sceneViewState":{"m_AlwaysRefresh":false,"showFog":true,"showSkybox":true,"showFlares":true,"showImageEffects":true,"showParticleSystems":true,"showVisualEffectGraphs":true,"m_FxEnabled":true},"in2DMode":false,"pivot":{"x":-19.902740478515626,"y":12.941465377807618,"z":0.08580589294433594},"rotation":{"x":0.058925699442625049,"y":-0.5465778708457947,"z":0.03859773278236389,"w":0.8344404697418213},"size":40.740882873535159,"orthographic":true}