{"cameraMode":{"drawMode":0,"name":"Shaded","section":"Shading Mode"},"sceneLighting":true,"audioPlay":false,"sceneViewState":{"m_AlwaysRefresh":false,"showFog":true,"showSkybox":true,"showFlares":true,"showImageEffects":true,"showParticleSystems":true,"showVisualEffectGraphs":true,"m_FxEnabled":true},"in2DMode":false,"pivot":{"x":-24.570173263549806,"y":11.408734321594239,"z":-0.7388705611228943},"rotation":{"x":0.13733431696891786,"y":-0.8389132022857666,"z":0.2479683756828308,"w":0.4646347165107727},"size":128.95066833496095,"orthographic":true}